"Version","0.1"
"TraceType","Singola","0"
"SamplingIntervalType","Ora","1"
"SamplingInterval","1000"
"TotalTraceTime","1024"

"EnableTriggerCondition","Trigger 1","1"
"Triggers","Velocità effettiva (16 bit):0:≠:3:0:Filtrato con gli ultimi 8 valori:8:::=:2:0:Nessun filtro:0"
"PostTriggerDataRatio","100"

"Index","Offset","Velocità istruzioni di posizione interna (16 bit):2","Errore di inseguimento posizione encoder (16 bit):6","Tensione fra P e N (16 bit):9","Istruzione di coppia (16 bit):4"
"0","0","0","53","341","2.9"
"1","1","0","45","341","1.1"
"2","2","0","38","341","1"
"3","3","0","31","341","0.5"
"4","4","0","22","341","-1.4"
"5","5","0","15","341","-1.45"
"6","6","0","10","341","-1.95"
"7","7","0","6","341","-2.15"
"8","8","0","3","341","-1.4"
"9","9","0","0","341","-1.6"
"10","10","0","-6","341","-3.15"
"11","11","0","-13","341","-3.9"
"12","12","0","-16","341","-4.3"
"13","13","0","-21","341","-6.2"
"14","14","0","-26","341","-6.45"
"15","15","0","-26","341","-5.25"
"16","16","0","-25","341","-5.3"
"17","17","0","-23","341","-4.4"
"18","18","0","-17","341","-2.4"
"19","19","0","-9","341","-0.85"
"20","20","0","-2","341","0.35"
"21","21","0","4","341","1.8"
"22","22","0","10","341","2.2"
"23","23","0","14","341","2.5"
"24","24","0","18","341","2.65"
"25","25","0","21","341","2.7"
"26","26","0","23","341","3"
"27","27","0","20","341","1.75"
"28","28","0","23","341","2.9"
"29","29","0","34","341","5.9"
"30","30","0","47","341","8.5"
"31","31","0","57","341","11.85"
"32","32","0","57","341","11.6"
"33","33","0","47","341","7.45"
"34","34","0","32","341","2.7"
"35","35","0","17","341","-1.65"
"36","36","0","6","341","-3.65"
"37","37","0","3","341","-1.8"
"38","38","0","-6","341","-3"
"39","39","0","-16","341","-2.9"
"40","40","0","-26","341","-4.65"
"41","41","0","-38","341","-8.5"
"42","42","0","-49","341","-10.45"
"43","43","0","-48","341","-7.9"
"44","44","0","-38","341","-4.85"
"45","45","0","-31","341","-2.8"
"46","46","0","-17","341","2.75"
"47","47","0","0","341","6.05"
"48","48","0","8","341","4.7"
"49","49","0","13","341","5.3"
"50","50","0","23","341","7.5"
"51","51","0","29","341","5.5"
"52","52","0","27","341","4.3"
"53","53","0","26","341","5.2"
"54","54","0","26","341","4.3"
"55","55","0","24","341","2.6"
"56","56","0","22","341","3.1"
"57","57","0","21","341","3.95"
"58","58","0","13","341","0.9"
"59","59","0","4","341","-0.25"
"60","60","0","0","341","-0.4"
"61","61","0","2","341","-0.1"
"62","62","0","3","341","1"
"63","63","0","4","341","2.85"
"64","64","0","5","341","3.4"
"65","65","0","2","341","1.6"
"66","66","0","-2","341","0.65"
"67","67","0","-6","341","-0.75"
"68","68","0","-11","341","-1.45"
"69","69","0","-15","341","-2.4"
"70","70","0","-19","341","-2.8"
"71","71","0","-19","341","-2.3"
"72","72","0","-19","341","-2.25"
"73","73","0","-18","341","-1.4"
"74","74","0","-15","341","-0.45"
"75","75","0","-11","341","0.55"
"76","76","0","-5","341","1.6"
"77","77","0","1","341","2.8"
"78","78","0","7","341","4"
"79","79","0","10","341","3.7"
"80","80","0","11","341","3.55"
"81","81","0","9","341","2.15"
"82","82","0","5","341","0.45"
"83","83","0","2","341","-0.3"
"84","84","0","-1","341","-0.75"
"85","85","0","-2","341","-0.45"
"86","86","0","-1","341","0.35"
"87","87","0","1","341","1.2"
"88","88","0","5","341","2.45"
"89","89","0","8","341","2.9"
"90","90","0","8","341","2.9"
"91","91","0","9","341","3.3"
"92","92","0","9","341","2.4"
"93","93","0","6","341","1.25"
"94","94","0","2","341","0.35"
"95","95","0","-1","341","-0.1"
"96","96","0","-3","341","-0.4"
"97","97","0","-4","341","-0.25"
"98","98","0","-3","341","0.65"
"99","99","0","-1","341","1.25"
"100","100","1","1","341","1.65"
"101","101","1","2","341","1.65"
"102","102","1","1","341","0.6"
"103","103","1","-1","341","-0.05"
"104","104","3","2","341","-0.25"
"105","105","3","3","341","-1"
"106","106","5","3","341","-2.3"
"107","107","5","-4","341","-5.15"
"108","108","6","-8","341","-7.35"
"109","109","8","-4","341","-8.85"
"110","110","10","9","341","-7.3"
"111","111","12","32","341","-2.55"
"112","112","14","59","341","1.85"
"113","113","15","93","341","8"
"114","114","17","131","341","12.55"
"115","115","20","167","341","14.55"
"116","116","22","195","341","15.55"
"117","117","24","215","341","13.8"
"118","118","28","236","341","12.2"
"119","119","29","254","341","9"
"120","120","33","279","341","10.35"
"121","121","35","316","341","15.6"
"122","122","38","354","341","18.95"
"123","123","40","379","341","18.8"
"124","124","44","396","341","17.7"
"125","125","46","408","341","12.55"
"126","126","50","422","341","7.1"
"127","127","52","444","341","7.15"
"128","128","55","471","341","9.25"
"129","129","59","494","341","9.25"
"130","130","61","512","341","8.2"
"131","131","64","533","341","6.85"
"132","132","67","561","341","6.4"
"133","133","70","592","341","6.85"
"134","134","73","626","341","9.45"
"135","135","76","659","341","11.25"
"136","136","79","688","341","10.05"
"137","137","82","708","341","6.4"
"138","138","84","728","341","3.85"
"139","139","88","753","341","1.65"
"140","140","90","781","341","1.1"
"141","141","94","813","341","2.5"
"142","142","96","847","341","4.9"
"143","143","99","882","341","5.8"
"144","144","101","915","341","5.9"
"145","145","105","953","341","7.45"
"146","146","107","993","341","8.6"
"147","147","110","1032","341","9.85"
"148","148","113","1071","341","11.6"
"149","149","116","1106","341","11.8"
"150","150","118","1139","341","10.85"
"151","151","121","1169","341","9.7"
"152","152","123","1199","341","8.85"
"153","153","127","1229","341","8.2"
"154","154","128","1260","341","9.2"
"155","155","132","1298","341","11.25"
"156","156","134","1338","341","14"
"157","157","136","1372","341","14.55"
"158","158","139","1400","341","14.15"
"159","159","141","1422","341","11.75"
"160","160","144","1444","341","9.4"
"161","161","147","1469","341","7.5"
"162","162","148","1493","341","7.45"
"163","163","150","1516","341","7.5"
"164","164","154","1542","341","7.75"
"165","165","156","1567","341","7.15"
"166","166","158","1591","340","6.35"
"167","167","159","1614","340","6.05"
"168","168","162","1636","340","5.05"
"169","169","164","1657","340","4.35"
"170","170","167","1682","340","3.9"
"171","171","168","1707","340","4.4"
"172","172","170","1733","340","4.25"
"173","173","172","1757","340","4.35"
"174","174","174","1781","340","4.75"
"175","175","177","1807","340","4.45"
"176","176","178","1831","340","4.45"
"177","177","180","1858","340","5.55"
"178","178","181","1884","340","5.9"
"179","179","183","1912","340","7.25"
"180","180","185","1939","340","8.1"
"181","181","187","1966","340","9.15"
"182","182","188","1991","340","9.55"
"183","183","190","2015","340","9.75"
"184","184","191","2036","340","9.05"
"185","185","193","2056","340","8.55"
"186","186","193","2074","340","8.1"
"187","187","195","2090","340","7.1"
"188","188","197","2106","340","6.75"
"189","189","198","2120","340","6.1"
"190","190","199","2132","340","4.85"
"191","191","201","2147","340","5.05"
"192","192","201","2160","340","4.5"
"193","193","202","2175","340","4.55"
"194","194","203","2193","340","5.9"
"195","195","204","2209","340","6.45"
"196","196","205","2222","340","6.45"
"197","197","206","2236","340","6.75"
"198","198","207","2247","340","5.9"
"199","199","208","2258","340","5.2"
"200","200","208","2268","340","4.55"
"201","201","209","2278","340","4.8"
"202","202","210","2286","340","4.4"
"203","203","210","2293","340","3.3"
"204","204","211","2300","340","2.75"
"205","205","211","2308","340","2.45"
"206","206","211","2316","340","2.6"
"207","207","212","2325","340","3.25"
"208","208","212","2332","340","3.25"
"209","209","212","2339","340","3.7"
"210","210","212","2346","340","4.3"
"211","211","212","2352","340","3.95"
"212","212","212","2359","340","4.6"
"213","213","212","2364","340","4.35"
"214","214","212","2370","340","4.85"
"215","215","212","2374","340","4.95"
"216","216","212","2377","340","4.65"
"217","217","211","2379","340","5.2"
"218","218","211","2380","340","4.95"
"219","219","211","2381","340","4.95"
"220","220","211","2382","340","4.9"
"221","221","210","2381","340","4.45"
"222","222","210","2378","340","4.35"
"223","223","209","2373","340","3.25"
"224","224","208","2368","340","3.05"
"225","225","207","2359","340","1.55"
"226","226","207","2353","340","1.2"
"227","227","206","2345","340","0.7"
"228","228","205","2338","340","0.45"
"229","229","204","2333","340","1.35"
"230","230","203","2327","340","1.35"
"231","231","202","2321","340","2.5"
"232","232","201","2315","340","1.85"
"233","233","200","2306","340","1.9"
"234","234","200","2296","340","1.1"
"235","235","198","2284","340","-0.05"
"236","236","197","2268","340","-1.75"
"237","237","195","2253","340","-2.35"
"238","238","194","2241","340","-3.05"
"239","239","192","2227","340","-3.2"
"240","240","191","2216","340","-2.2"
"241","241","190","2204","340","-1.75"
"242","242","189","2194","340","-1"
"243","243","187","2184","340","-0.4"
"244","244","185","2173","340","0"
"245","245","183","2160","340","0.35"
"246","246","181","2145","339","-0.1"
"247","247","179","2129","339","-0.15"
"248","248","178","2114","340","-0.9"
"249","249","176","2096","340","-1.35"
"250","250","174","2079","340","-1.05"
"251","251","173","2063","340","-0.6"
"252","252","170","2044","340","-1.05"
"253","253","168","2024","340","-1.3"
"254","254","167","2004","340","-1.4"
"255","255","164","1982","340","-1.9"
"256","256","162","1961","339","-2.3"
"257","257","160","1938","339","-2.65"
"258","258","158","1915","339","-3.25"
"259","259","156","1892","339","-3.1"
"260","260","153","1869","339","-3.7"
"261","261","151","1847","339","-2.65"
"262","262","149","1826","339","-2"
"263","263","146","1801","339","-2.35"
"264","264","144","1773","339","-4.4"
"265","265","142","1742","339","-5.75"
"266","266","138","1711","339","-6.9"
"267","267","136","1681","339","-9.2"
"268","268","134","1653","339","-9.25"
"269","269","131","1627","339","-8.05"
"270","270","129","1601","340","-7.8"
"271","271","126","1576","340","-6.7"
"272","272","124","1552","340","-6.35"
"273","273","121","1527","340","-6.1"
"274","274","118","1500","340","-6.35"
"275","275","115","1473","340","-6.4"
"276","276","113","1445","339","-6.95"
"277","277","110","1416","339","-7.6"
"278","278","107","1389","340","-6.8"
"279","279","104","1363","340","-6.45"
"280","280","102","1336","340","-6.25"
"281","281","99","1310","340","-4.5"
"282","282","96","1282","340","-5.3"
"283","283","93","1252","340","-4.95"
"284","284","91","1224","340","-4.95"
"285","285","87","1192","340","-6"
"286","286","85","1161","340","-6.25"
"287","287","82","1128","340","-6.55"
"288","288","79","1095","340","-7.2"
"289","289","76","1061","340","-7.65"
"290","290","72","1027","340","-7.8"
"291","291","70","992","340","-9.1"
"292","292","67","957","340","-9.15"
"293","293","64","924","340","-9.3"
"294","294","61","891","340","-9.65"
"295","295","58","858","340","-9.1"
"296","296","56","825","340","-9.4"
"297","297","52","791","340","-9.95"
"298","298","49","759","340","-9.9"
"299","299","47","728","340","-9.5"
"300","300","43","694","340","-9.85"
"301","301","41","663","340","-9.4"
"302","302","38","631","340","-9.1"
"303","303","36","602","340","-9.1"
"304","304","32","572","340","-8.6"
"305","305","30","542","340","-8.6"
"306","306","27","512","340","-7.75"
"307","307","25","483","340","-7.95"
"308","308","22","455","340","-7.8"
"309","309","19","427","340","-7"
"310","310","17","401","340","-6.55"
"311","311","16","377","340","-5.4"
"312","312","14","352","340","-5.05"
"313","313","12","328","340","-4.7"
"314","314","10","305","340","-4.3"
"315","315","8","282","340","-3.5"
"316","316","6","260","340","-3.45"
"317","317","5","240","340","-3"
"318","318","4","218","340","-3.2"
"319","319","4","200","340","-2.45"
"320","320","2","181","340","-2.8"
"321","321","2","166","340","-1.85"
"322","322","1","149","340","-1.7"
"323","323","0","135","340","-1.7"
"324","324","0","122","340","-1.4"
"325","325","0","113","340","-0.4"
"326","326","0","105","340","0.2"
"327","327","0","99","340","1.3"
"328","328","0","95","340","2.3"
"329","329","0","90","340","2.5"
"330","330","0","85","340","3.45"
"331","331","0","82","340","3.75"
"332","332","0","78","340","3.9"
"333","333","0","74","340","3.65"
"334","334","0","69","340","3.6"
"335","335","0","62","340","3.05"
"336","336","0","55","340","2.25"
"337","337","0","47","340","1.3"
"338","338","0","44","340","1.65"
"339","339","0","42","340","2.1"
"340","340","0","38","340","2.05"
"341","341","0","34","340","3"
"342","342","0","32","340","2.85"
"343","343","0","27","340","1.45"
"344","344","0","22","340","1.2"
"345","345","0","17","340","0.65"
"346","346","0","14","340","0.35"
"347","347","0","12","340","0.55"
"348","348","0","12","340","1.45"
"349","349","0","14","340","2.85"
"350","350","0","14","340","2.8"
"351","351","0","13","340","2.8"
"352","352","0","11","340","2.3"
"353","353","0","8","340","1.15"
"354","354","0","5","340","0.9"
"355","355","0","5","340","1.15"
"356","356","0","7","340","1.95"
"357","357","0","8","340","2.45"
"358","358","0","9","340","3.25"
"359","359","0","8","340","2.95"
"360","360","0","5","340","1.85"
"361","361","0","2","340","0.9"
"362","362","0","2","340","1.15"
"363","363","0","1","340","0.7"
"364","364","0","-2","340","0.45"
"365","365","0","-5","340","0.35"
"366","366","0","-8","340","-0.5"
"367","367","0","-10","340","-1.05"
"368","368","0","-11","340","-1.05"
"369","369","0","-10","340","-0.35"
"370","370","0","-8","340","0.5"
"371","371","0","-3","340","1.65"
"372","372","0","0","340","2.3"
"373","373","0","2","340","2.65"
"374","374","0","2","340","2.3"
"375","375","0","1","340","1.35"
"376","376","0","0","340","0.8"
"377","377","0","-2","340","0"
"378","378","0","1","340","1.75"
"379","379","0","7","340","3.15"
"380","380","0","9","340","3.25"
"381","381","0","10","340","4.2"
"382","382","0","7","340","2.55"
"383","383","0","2","340","0.5"
"384","384","0","1","340","0.7"
"385","385","0","1","340","0.3"
"386","386","0","2","340","1.4"
"387","387","0","3","340","2.5"
"388","388","0","1","340","1.85"
"389","389","0","-2","340","0.85"
"390","390","0","-5","340","-0.4"
"391","391","0","-8","340","-1.15"
"392","392","0","-11","340","-1.4"
"393","393","0","-13","340","-1.6"
"394","394","0","-13","340","-0.95"
"395","395","0","-10","340","-0.05"
"396","396","0","-6","340","1"
"397","397","0","-1","340","2.6"
"398","398","0","4","340","3.2"
"399","399","0","8","340","4"
"400","400","0","11","340","3.9"
"401","401","0","12","340","3.6"
"402","402","0","11","340","3.05"
"403","403","0","9","340","2.25"
"404","404","0","6","340","1.4"
"405","405","0","5","340","1.35"
"406","406","0","4","340","1.4"
"407","407","0","4","340","1.55"
"408","408","0","3","340","1.85"
"409","409","0","1","340","1.15"
"410","410","0","-1","340","1"
"411","411","0","-4","340","-0.15"
"412","412","0","-6","340","-0.35"
"413","413","0","-9","340","-1"
"414","414","0","-12","340","-1.4"
"415","415","0","-14","340","-1.6"
"416","416","0","-15","340","-1.75"
"417","417","0","-14","340","-1.1"
"418","418","0","-12","340","-0.6"
"419","419","0","-10","340","0.05"
"420","420","0","-9","340","0.2"
"421","421","0","-8","340","0.35"
"422","422","0","-5","340","0.85"
"423","423","0","-2","340","1.25"
"424","424","0","1","340","1.7"
"425","425","0","4","340","2.4"
"426","426","0","5","340","2.25"
"427","427","0","5","340","1.9"
"428","428","0","6","340","2.05"
"429","429","0","6","340","1.45"
"430","430","0","7","340","2.05"
"431","431","0","8","340","2.25"
"432","432","0","7","340","1.75"
"433","433","0","6","340","1.85"
"434","434","0","3","340","0.8"
"435","435","0","2","340","0.7"
"436","436","0","2","340","0.8"
"437","437","0","2","340","1.05"
"438","438","0","1","340","1"
"439","439","0","1","340","1.3"
"440","440","0","0","341","0.8"
"441","441","0","0","341","1"
"442","442","0","-1","341","0.75"
"443","443","0","0","341","1.4"
"444","444","0","0","341","0.85"
"445","445","0","0","341","1.25"
"446","446","0","1","340","1.45"
"447","447","0","1","340","1.25"
"448","448","0","2","340","1.75"
"449","449","0","2","340","1.55"
"450","450","0","2","341","1.55"
"451","451","0","3","341","1.9"
"452","452","0","2","341","1.15"
"453","453","0","1","341","1.35"
"454","454","0","0","341","0.8"
"455","455","0","-2","341","0.4"
"456","456","0","-4","340","-0.1"
"457","457","0","-7","340","-0.85"
"458","458","0","-9","340","-1"
"459","459","0","-12","340","-1.8"
"460","460","0","-13","340","-1.8"
"461","461","0","-12","340","-1"
"462","462","0","-11","340","-0.8"
"463","463","0","-8","340","0.15"
"464","464","0","-5","340","0.9"
"465","465","0","-2","340","1.3"
"466","466","0","1","340","1.95"
"467","467","0","4","340","2.1"
"468","468","0","5","340","2.15"
"469","469","0","6","340","2.25"
"470","470","0","6","340","1.75"
"471","471","0","4","340","0.9"
"472","472","0","3","340","0.8"
"473","473","0","0","340","-0.1"
"474","474","0","-2","340","-0.4"
"475","475","0","-6","340","-1.5"
"476","476","0","-10","340","-2.4"
"477","477","0","-14","340","-2.6"
"478","478","0","-16","340","-3.05"
"479","479","0","-15","340","-2.35"
"480","480","0","-11","340","-1"
"481","481","0","-6","340","0.55"
"482","482","0","0","340","2.05"
"483","483","0","5","340","3.15"
"484","484","0","10","340","3.85"
"485","485","0","12","340","3.3"
"486","486","0","13","340","3.1"
"487","487","0","12","340","2.35"
"488","488","0","10","340","1.55"
"489","489","0","7","340","0.65"
"490","490","0","5","340","0.3"
"491","491","0","3","340","0.15"
"492","492","0","2","340","0.05"
"493","493","0","2","340","0.6"
"494","494","0","2","340","0.9"
"495","495","0","2","340","1.15"
"496","496","0","3","340","1.55"
"497","497","0","3","340","1.2"
"498","498","0","1","340","0.65"
"499","499","0","-2","340","0.1"
"500","500","0","-3","340","-0.2"
"501","501","0","-4","340","-0.6"
"502","502","0","-5","340","-0.55"
"503","503","0","-5","340","-0.15"
"504","504","0","-2","340","0.85"
"505","505","0","4","340","2.5"
"506","506","0","12","340","4.65"
"507","507","0","18","340","5.9"
"508","508","0","24","340","7.1"
"509","509","0","29","340","7.6"
"510","510","0","32","340","7.7"
"511","511","0","33","340","7.1"
"512","512","0","29","340","5.55"
"513","513","0","21","340","3.55"
"514","514","0","13","340","1.65"
"515","515","0","4","340","-0.65"
"516","516","0","-6","340","-2.25"
"517","517","0","-13","340","-2.9"
"518","518","0","-17","340","-2.35"
"519","519","0","-16","340","-1.25"
"520","520","0","-14","340","-0.25"
"521","521","0","-12","340","1.1"
"522","522","0","-10","340","1.7"
"523","523","0","-10","340","1"
"524","524","0","-9","340","0.9"
"525","525","0","-8","340","0.85"
"526","526","0","-6","340","1.35"
"527","527","0","-4","340","1.55"
"528","528","0","-3","340","1.7"
"529","529","0","-2","340","1.85"
"530","530","0","0","340","2.2"
"531","531","0","2","340","2.25"
"532","532","0","1","340","1.9"
"533","533","0","-1","340","1.25"
"534","534","0","-4","340","0.45"
"535","535","0","-9","340","-1.15"
"536","536","0","-13","340","-2.3"
"537","537","0","-16","340","-2.4"
"538","538","0","-14","340","-1.3"
"539","539","0","-12","340","-0.85"
"540","540","0","-13","340","-1"
"541","541","0","-13","340","-0.15"
"542","542","0","-11","340","-0.45"
"543","543","0","-11","340","-1.1"
"544","544","0","-8","340","0.15"
"545","545","0","-4","340","0.8"
"546","546","0","0","340","1.7"
"547","547","0","6","340","3.15"
"548","548","0","12","340","4.5"
"549","549","0","17","340","4.85"
"550","550","0","23","340","6.05"
"551","551","0","30","340","7.65"
"552","552","0","39","340","9.3"
"553","553","0","45","340","10"
"554","554","0","47","340","10.6"
"555","555","0","48","340","10.35"
"556","556","0","49","340","10.05"
"557","557","0","46","340","8.4"
"558","558","0","29","340","3.65"
"559","559","0","7","340","-0.5"
"560","560","0","-15","340","-5.7"
"561","561","0","-31","340","-9.35"
"562","562","0","-42","340","-9.95"
"563","563","0","-54","340","-10.15"
"564","564","0","-65","340","-10.35"
"565","565","0","-72","340","-10.8"
"566","566","0","-75","340","-11.55"
"567","567","0","-72","340","-10.15"
"568","568","0","-64","340","-7.6"
"569","569","0","-53","340","-4.35"
"570","570","0","-41","340","-1.9"
"571","571","0","-28","340","0.05"
"572","572","0","-17","340","1.15"
"573","573","0","-5","340","2.85"
"574","574","0","5","340","3.5"
"575","575","0","13","340","4.05"
"576","576","0","22","340","5.4"
"577","577","0","33","340","7.05"
"578","578","0","42","340","7.9"
"579","579","0","47","340","8.65"
"580","580","0","50","340","9.3"
"581","581","0","49","340","7.4"
"582","582","0","44","340","5.7"
"583","583","0","35","340","3.5"
"584","584","0","24","340","0.95"
"585","585","0","12","340","-1.45"
"586","586","0","2","340","-2.85"
"587","587","0","-3","340","-2.25"
"588","588","0","2","340","0.5"
"589","589","0","14","340","4.9"
"590","590","0","28","340","9.35"
"591","591","0","33","340","10.35"
"592","592","0","23","340","6.5"
"593","593","0","12","340","3.4"
"594","594","0","9","340","1.2"
"595","595","0","10","340","0.25"
"596","596","0","9","340","2.3"
"597","597","0","-2","340","0.75"
"598","598","0","-17","340","-2.2"
"599","599","0","-28","340","-5.4"
"600","600","0","-31","340","-6.65"
"601","601","0","-28","340","-4.25"
"602","602","0","-27","340","-2"
"603","603","0","-29","340","-1.35"
"604","604","0","-23","340","0.3"
"605","605","0","-8","340","3.05"
"606","606","0","-2","340","2.2"
"607","607","0","-3","340","3.3"
"608","608","0","3","340","5.45"
"609","609","0","6","340","2.65"
"610","610","0","6","340","1.5"
"611","611","0","5","340","2.4"
"612","612","0","5","340","2.5"
"613","613","0","8","340","2.9"
"614","614","0","4","340","0.6"
"615","615","0","-5","340","-0.9"
"616","616","0","-13","340","-2.5"
"617","617","0","-19","340","-4.45"
"618","618","0","-23","340","-5.4"
"619","619","0","-24","340","-4.1"
"620","620","0","-20","340","-1.8"
"621","621","0","-13","340","-0.1"
"622","622","0","-8","340","1.25"
"623","623","0","-4","340","2"
"624","624","0","-1","340","2.45"
"625","625","0","5","340","2.85"
"626","626","0","9","340","2.8"
"627","627","0","12","340","3.55"
"628","628","0","12","340","3.3"
"629","629","0","9","340","1.8"
"630","630","0","7","340","1.25"
"631","631","0","6","340","0.6"
"632","632","0","4","340","0.05"
"633","633","0","4","340","1.15"
"634","634","0","2","340","0.45"
"635","635","0","1","340","0.6"
"636","636","0","1","340","0.8"
"637","637","0","0","340","0.35"
"638","638","0","-5","340","-0.85"
"639","639","0","-9","340","-1.3"
"640","640","0","-4","340","0.4"
"641","641","0","5","340","2.2"
"642","642","0","10","340","3.6"
"643","643","0","14","340","5.75"
"644","644","0","15","340","5.25"
"645","645","0","10","340","1.85"
"646","646","0","6","340","1.05"
"647","647","0","4","340","0.55"
"648","648","0","0","340","-1"
"649","649","0","-3","340","-0.35"
"650","650","0","-2","340","0.65"
"651","651","0","-2","340","0.25"
"652","652","0","-2","340","0.9"
"653","653","0","-3","340","0.85"
"654","654","0","-5","340","0.25"
"655","655","0","-6","340","-0.15"
"656","656","0","-7","340","-0.6"
"657","657","0","-9","340","-0.8"
"658","658","0","-10","340","-0.65"
"659","659","0","-12","340","-1.35"
"660","660","0","-15","340","-2.15"
"661","661","0","-17","340","-2.3"
"662","662","0","-17","340","-2.4"
"663","663","0","-18","340","-3.05"
"664","664","0","-18","340","-2.3"
"665","665","0","-15","340","-1.4"
"666","666","0","-11","340","-0.55"
"667","667","0","-6","340","0.5"
"668","668","0","-3","340","0.85"
"669","669","0","0","340","1.7"
"670","670","0","1","340","0.85"
"671","671","0","-1","340","-0.35"
"672","672","0","-2","341","-0.6"
"673","673","0","0","341","-0.25"
"674","674","0","5","340","0.95"
"675","675","0","10","340","2.4"
"676","676","0","15","340","3.95"
"677","677","0","18","340","4.5"
"678","678","0","20","340","4.25"
"679","679","0","19","340","3.4"
"680","680","0","17","341","2.6"
"681","681","0","14","341","1.65"
"682","682","0","12","341","1.2"
"683","683","0","11","341","1.45"
"684","684","0","10","341","1.45"
"685","685","0","8","341","1.55"
"686","686","0","6","340","1.55"
"687","687","0","4","340","0.9"
"688","688","0","3","341","0.9"
"689","689","0","2","341","0.75"
"690","690","0","0","341","0.65"
"691","691","0","-1","341","0.7"
"692","692","0","-2","341","0.5"
"693","693","0","-3","341","0.25"
"694","694","0","-3","341","0.55"
"695","695","0","-2","341","0.8"
"696","696","0","1","341","1.85"
"697","697","0","2","341","1.75"
"698","698","0","1","341","1.5"
"699","699","0","0","341","1.25"
"700","700","0","-2","341","0.35"
"701","701","0","-5","341","-0.35"
"702","702","0","-7","341","-0.7"
"703","703","0","-9","341","-1.4"
"704","704","0","-10","341","-1.1"
"705","705","0","-11","341","-1.2"
"706","706","0","-11","341","-0.9"
"707","707","0","-10","341","-0.75"
"708","708","0","-9","341","-0.55"
"709","709","0","-8","341","-0.15"
"710","710","0","-6","341","0.25"
"711","711","0","-4","341","0.55"
"712","712","0","-2","341","1.2"
"713","713","-1","-2","341","1.05"
"714","714","-1","-2","341","1.4"
"715","715","-3","-5","341","1.35"
"716","716","-4","-10","341","1.35"
"717","717","-6","-20","341","-0.25"
"718","718","-7","-33","341","-0.75"
"719","719","-10","-52","341","-2.95"
"720","720","-13","-74","341","-5.1"
"721","721","-16","-99","341","-6.55"
"722","722","-18","-125","341","-8.25"
"723","723","-22","-159","341","-11.2"
"724","724","-26","-196","341","-13.05"
"725","725","-29","-234","341","-15.65"
"726","726","-34","-271","341","-17.05"
"727","727","-38","-304","341","-16.25"
"728","728","-42","-339","341","-16.35"
"729","729","-46","-373","341","-14.6"
"730","730","-51","-417","341","-17.4"
"731","731","-56","-468","341","-20.5"
"732","732","-61","-521","341","-23.9"
"733","733","-65","-570","341","-26.8"
"734","734","-70","-615","341","-26.3"
"735","735","-75","-655","341","-24.35"
"736","736","-79","-686","341","-19.1"
"737","737","-85","-725","341","-18.75"
"738","738","-89","-763","341","-16.5"
"739","739","-94","-801","341","-15.05"
"740","740","-99","-839","340","-15.2"
"741","741","-104","-877","340","-13.95"
"742","742","-109","-918","340","-12.65"
"743","743","-113","-967","340","-14.2"
"744","744","-118","-1018","340","-15.05"
"745","745","-123","-1071","340","-17"
"746","746","-127","-1123","340","-18.75"
"747","747","-132","-1177","340","-19.2"
"748","748","-136","-1232","340","-20.2"
"749","749","-141","-1287","340","-20.65"
"750","750","-145","-1341","340","-21.6"
"751","751","-150","-1400","340","-23.85"
"752","752","-154","-1452","340","-23"
"753","753","-159","-1496","340","-21.45"
"754","754","-164","-1538","340","-19.2"
"755","755","-167","-1578","340","-15.85"
"756","756","-172","-1620","340","-14.35"
"757","757","-176","-1664","340","-14.1"
"758","758","-180","-1707","340","-13.65"
"759","759","-184","-1750","340","-13.9"
"760","760","-188","-1793","340","-13.15"
"761","761","-192","-1840","340","-13.25"
"762","762","-197","-1889","340","-13.65"
"763","763","-200","-1940","340","-15.25"
"764","764","-204","-1988","340","-15.8"
"765","765","-208","-2034","340","-15.95"
"766","766","-211","-2079","340","-15.4"
"767","767","-215","-2124","340","-14.45"
"768","768","-218","-2168","340","-14.65"
"769","769","-222","-2213","340","-14.75"
"770","770","-225","-2254","340","-14.95"
"771","771","-229","-2297","340","-14.8"
"772","772","-232","-2334","340","-12.9"
"773","773","-235","-2367","340","-10.9"
"774","774","-238","-2400","339","-9.95"
"775","775","-241","-2436","339","-9.45"
"776","776","-243","-2472","339","-8.8"
"777","777","-247","-2511","339","-9.95"
"778","778","-249","-2547","339","-10.2"
"779","779","-252","-2583","339","-10.45"
"780","780","-254","-2619","339","-10.65"
"781","781","-256","-2652","339","-9.95"
"782","782","-259","-2684","339","-10.05"
"783","783","-261","-2714","339","-9"
"784","784","-263","-2742","339","-7.85"
"785","785","-265","-2773","339","-8.3"
"786","786","-267","-2803","339","-8.1"
"787","787","-269","-2835","339","-9.25"
"788","788","-270","-2868","339","-11"
"789","789","-272","-2895","339","-11.15"
"790","790","-274","-2920","339","-10.75"
"791","791","-275","-2940","339","-9.3"
"792","792","-277","-2959","339","-7.25"
"793","793","-277","-2976","339","-5.75"
"794","794","-279","-2994","339","-5.55"
"795","795","-279","-3012","339","-5.35"
"796","796","-281","-3032","339","-6.55"
"797","797","-281","-3050","339","-7.15"
"798","798","-282","-3064","339","-6.35"
"799","799","-283","-3074","339","-4.5"
"800","800","-283","-3078","339","-2.45"
"801","801","-283","-3088","339","-2.15"
"802","802","-284","-3098","339","-0.9"
"803","803","-284","-3108","339","-1.95"
"804","804","-283","-3116","339","-3.15"
"805","805","-284","-3126","339","-3.3"
"806","806","-284","-3135","339","-3.25"
"807","807","-283","-3144","339","-4.05"
"808","808","-282","-3152","339","-5.3"
"809","809","-282","-3160","339","-6"
"810","810","-282","-3168","339","-7.2"
"811","811","-280","-3171","339","-7"
"812","812","-280","-3172","339","-6.95"
"813","813","-278","-3170","339","-6.65"
"814","814","-278","-3168","339","-6.05"
"815","815","-276","-3161","339","-5"
"816","816","-275","-3151","339","-4.3"
"817","817","-274","-3138","339","-3.1"
"818","818","-273","-3128","339","-2.3"
"819","819","-270","-3115","339","-1.65"
"820","820","-269","-3102","339","-1.55"
"821","821","-267","-3087","339","-1.5"
"822","822","-265","-3071","339","-0.95"
"823","823","-263","-3054","339","-0.35"
"824","824","-261","-3036","339","0.4"
"825","825","-259","-3013","339","1.85"
"826","826","-256","-2988","339","3.3"
"827","827","-254","-2963","339","4.9"
"828","828","-252","-2939","339","5.5"
"829","829","-249","-2919","339","5.05"
"830","830","-246","-2897","339","4.2"
"831","831","-244","-2877","339","2.65"
"832","832","-241","-2856","339","2.5"
"833","833","-238","-2837","339","0.75"
"834","834","-235","-2817","339","0.2"
"835","835","-232","-2795","339","-1.05"
"836","836","-228","-2770","339","-1.65"
"837","837","-225","-2745","339","-1.25"
"838","838","-222","-2717","339","-1.45"
"839","839","-219","-2686","339","-0.75"
"840","840","-215","-2652","339","0.2"
"841","841","-211","-2615","339","1.25"
"842","842","-208","-2577","339","2.15"
"843","843","-204","-2537","339","3.4"
"844","844","-200","-2496","339","4.75"
"845","845","-196","-2453","339","5.75"
"846","846","-192","-2408","339","6.55"
"847","847","-188","-2360","339","8.6"
"848","848","-185","-2316","339","9.35"
"849","849","-180","-2272","339","9.95"
"850","850","-176","-2230","339","9.3"
"851","851","-172","-2190","339","8.2"
"852","852","-168","-2149","339","7.8"
"853","853","-163","-2109","339","6.75"
"854","854","-159","-2070","339","6"
"855","855","-155","-2031","339","5.1"
"856","856","-150","-1991","339","3.85"
"857","857","-146","-1950","339","3.45"
"858","858","-141","-1905","339","3.8"
"859","859","-136","-1860","339","4"
"860","860","-132","-1815","339","4"
"861","861","-127","-1769","339","3.75"
"862","862","-123","-1721","339","3.9"
"863","863","-118","-1669","339","4.8"
"864","864","-113","-1619","339","4.65"
"865","865","-108","-1567","339","5.7"
"866","866","-104","-1514","339","6.25"
"867","867","-99","-1460","339","6.35"
"868","868","-95","-1404","339","7.45"
"869","869","-90","-1346","339","9.15"
"870","870","-84","-1289","339","9.85"
"871","871","-80","-1235","339","10.5"
"872","872","-75","-1180","339","10.45"
"873","873","-70","-1126","339","10.2"
"874","874","-66","-1075","339","9.4"
"875","875","-60","-1020","339","9.7"
"876","876","-56","-970","339","8.7"
"877","877","-51","-918","339","9.25"
"878","878","-47","-867","339","8.85"
"879","879","-42","-816","339","8.6"
"880","880","-38","-766","339","8.1"
"881","881","-34","-717","339","7.9"
"882","882","-29","-668","339","8.2"
"883","883","-25","-621","339","7.35"
"884","884","-22","-577","339","6.95"
"885","885","-19","-535","339","6.15"
"886","886","-15","-492","339","5.25"
"887","887","-13","-452","339","4.55"
"888","888","-10","-415","339","3.85"
"889","889","-8","-380","339","3.2"
"890","890","-5","-348","339","2.05"
"891","891","-4","-317","339","1.4"
"892","892","-2","-288","339","0.3"
"893","893","-2","-262","339","-0.15"
"894","894","0","-239","339","-1.35"
"895","895","0","-217","339","-1.35"
"896","896","0","-198","339","-2.35"
"897","897","0","-181","339","-2.65"
"898","898","0","-166","340","-2.85"
"899","899","0","-153","340","-3.55"
"900","900","0","-140","340","-3.55"
"901","901","0","-127","340","-3.2"
"902","902","1","-112","340","-2.75"
"903","903","1","-96","340","-1.55"
"904","904","3","-76","340","0.15"
"905","905","3","-58","340","1.5"
"906","906","5","-39","340","2.7"
"907","907","6","-22","340","2.75"
"908","908","8","-7","340","2.2"
"909","909","10","9","340","1.8"
"910","910","12","28","340","2.05"
"911","911","14","48","340","2.55"
"912","912","15","70","340","4.4"
"913","913","17","93","340","5.45"
"914","914","19","116","340","6.9"
"915","915","20","136","340","6.95"
"916","916","22","156","340","7.1"
"917","917","24","175","340","6.95"
"918","918","25","193","340","6"
"919","919","27","213","340","7.4"
"920","920","28","233","340","7.6"
"921","921","30","246","340","6.2"
"922","922","31","252","340","3.5"
"923","923","33","261","340","2.15"
"924","924","34","270","340","-0.5"
"925","925","35","279","340","-1.3"
"926","926","36","289","340","-1.05"
"927","927","38","302","340","-0.35"
"928","928","38","314","340","-0.65"
"929","929","39","330","340","0.5"
"930","930","40","347","341","1.55"
"931","931","41","366","341","2.8"
"932","932","41","380","341","3"
"933","933","42","393","341","3.55"
"934","934","43","407","341","3.65"
"935","935","43","419","341","3.05"
"936","936","43","427","340","2.45"
"937","937","44","435","340","3.25"
"938","938","44","443","341","3.5"
"939","939","44","452","341","3.2"
"940","940","44","461","341","3.85"
"941","941","44","471","341","5.75"
"942","942","44","487","341","9.3"
"943","943","43","503","341","11.85"
"944","944","43","515","341","14.45"
"945","945","42","515","341","12.75"
"946","946","42","506","341","9.35"
"947","947","40","493","341","5.65"
"948","948","40","485","341","3.4"
"949","949","39","475","341","2.05"
"950","950","38","467","341","3.4"
"951","951","37","458","341","4.1"
"952","952","37","445","341","1.8"
"953","953","35","425","341","-0.55"
"954","954","34","398","341","-5.35"
"955","955","33","361","341","-12.7"
"956","956","31","325","341","-17.5"
"957","957","29","304","341","-18.05"
"958","958","28","295","341","-16.35"
"959","959","27","292","341","-11.8"
"960","960","26","293","341","-5.1"
"961","961","24","299","341","-0.15"
"962","962","22","304","341","1.6"
"963","963","20","305","341","3.25"
"964","964","18","306","341","5.9"
"965","965","16","309","341","8.3"
"966","966","15","308","341","9.9"
"967","967","14","305","341","12"
"968","968","12","304","341","14.75"
"969","969","10","289","341","12.15"
"970","970","8","264","341","9.5"
"971","971","6","243","341","9.15"
"972","972","5","224","341","6.45"
"973","973","4","196","341","3.15"
"974","974","2","156","341","-0.3"
"975","975","2","119","341","-3.65"
"976","976","1","80","341","-10.75"
"977","977","0","40","341","-16.65"
"978","978","0","10","341","-16.7"
"979","979","0","-4","341","-14.55"
"980","980","0","-8","341","-11.75"
"981","981","0","-6","341","-7.15"
"982","982","0","3","341","-1.4"
"983","983","0","15","341","2.05"
"984","984","0","20","341","1.85"
"985","985","0","18","341","0.8"
"986","986","0","16","341","-0.05"
"987","987","0","17","341","-1.05"
"988","988","0","16","341","-2.45"
"989","989","0","17","341","-0.65"
"990","990","0","24","341","2.45"
"991","991","0","30","341","2.85"
"992","992","0","33","341","3.9"
"993","993","0","36","341","5.15"
"994","994","0","35","341","3.7"
"995","995","0","23","341","-0.35"
"996","996","0","8","341","-3.65"
"997","997","0","0","341","-4.8"
"998","998","0","-7","341","-7.5"
"999","999","0","-15","341","-7.85"
"1000","1000","0","-19","341","-5.55"
"1001","1001","0","-17","341","-4.15"
"1002","1002","0","-17","341","-4.9"
"1003","1003","0","-21","341","-5.55"
"1004","1004","0","-23","341","-5"
"1005","1005","0","-28","341","-7.7"
"1006","1006","0","-31","341","-8.35"
"1007","1007","0","-26","341","-5.9"
"1008","1008","0","-18","341","-4.5"
"1009","1009","0","-9","341","-1.45"
"1010","1010","0","0","341","0.75"
"1011","1011","0","11","341","2.8"
"1012","1012","0","20","341","3.35"
"1013","1013","0","24","341","3.15"
"1014","1014","0","25","341","2.8"
"1015","1015","0","25","341","1.75"
"1016","1016","0","39","341","6.2"
"1017","1017","0","59","341","10.25"
"1018","1018","0","73","341","13.25"
"1019","1019","0","76","341","14.8"
"1020","1020","0","65","341","10.6"
"1021","1021","0","49","341","4.45"
"1022","1022","0","32","341","-1.15"
"1023","1023","0","20","341","-3.1"

"GraphName",""
"SamplingInterval","1000"
"TotalTraceTime","1024"
"ParameterTransfer","True"
"PropertiesComment",""
"Drive","M44 (R88D-KN15H-ECT 2.1x)"
"Motor","R88M-K1K030T-B"

"DriveType","Servo"
"FamilyName","R88D-KN"
"FirmwareVersion","2.1x"
"ModelName","R88D-KN15H-ECT"
"SubfamilyName","R88D-KN-ECT"
"NodeAddress","44"
"OD","Description","Value","Index"
"3000.00","Commutazione direzione di rotazione","1 : Il comando di direzione in avanti imposta la direzione di rotazione del motore in senso antiorario.","Pn000"
"3001.00","Selezione della modalità di controllo","0 : Controllo interruttore","Pn001"
"3002.00","Selezione modalità di autotuning in tempo reale","1 : Enfatizzazione stabilità","Pn002"
"3003.00","Impostazione rigidità della macchina nell'autotuning in tempo reale","18","Pn003"
"3004.00","Coefficiente di inerzia","296","Pn004"
"3015.00","Interruttore d'esercizio durante l'utilizzo dell'encoder assoluto","2 : Da utilizzare come encoder assoluto ma ignorando l'overflow del contatore multirotazione","Pn015"
"3016.00","Selezione resistenza di rigenerazione","0 : Resistenza integrata","Pn016"
"3017.00","Impostazione resistenza di rigenerazione esterna","0 : Il coefficiente di carico di rigenerazione è 100%","Pn017"
"3100.00","Guadagno loop di posizione 1","135.0","Pn100"
"3101.00","Guadagno loop di velocità 1","75.0","Pn101"
"3102.00","Costante tempo di integrazione loop di velocità 1","9.0","Pn102"
"3103.00","Costante di tempo filtro di retroazione della velocità 1","0","Pn103"
"3104.00","Costante di tempo filtro per comando di coppia 1","0.30","Pn104"
"3105.00","Guadagno loop di posizione 2","157.0","Pn105"
"3106.00","Guadagno loop di velocità 2","75.0","Pn106"
"3107.00","Costante tempo di integrazione loop di velocità 2","1000.0","Pn107"
"3108.00","Costante di tempo filtro di retroazione della velocità 2","0","Pn108"
"3109.00","Costante di tempo filtro per comando di coppia 2","0.30","Pn109"
"3110.00","Guadagno Feed-forward di velocità","30.0","Pn110"
"3111.00","Filtro comando di Feed-forward velocità","0.50","Pn111"
"3112.00","Guadagno Feed-forward della coppia","0.0","Pn112"
"3113.00","Filtro comando di Feed-forward coppia","0.00","Pn113"
"3114.00","Selezione della modalità di funzionamento dell'ingresso di commutazione guadagno","1 : Sempre guadagno 2","Pn114"
"3115.00","Modalità di commutazione in controllo della posizione","0 : Sempre guadagno 1","Pn115"
"3116.00","Tempo di ritardo commutazione guadagno in modalità di controllo della posizione","5.0","Pn116"
"3117.00","Livello di commutazione guadagno in modalità di controllo della posizione","50","Pn117"
"3118.00","Isteresi di commutazione guadagno in modalità di controllo della posizione","33","Pn118"
"3119.00","Tempo commutazione guadagno di posizione","3.3","Pn119"
"3120.00","Modalità di commutazione in controllo della velocità","0 : Sempre guadagno 1","Pn120"
"3121.00","Tempo di ritardo commutazione guadagno in modalità di controllo della velocità","0.0","Pn121"
"3122.00","Livello di commutazione guadagno in modalità di controllo della velocità","0","Pn122"
"3123.00","Isteresi di commutazione guadagno in modalità di controllo della velocità","0","Pn123"
"3124.00","Modalità di commutazione in controllo della coppia","0 : Sempre guadagno 1","Pn124"
"3125.00","Tempo di ritardo commutazione guadagno in modalità di controllo della coppia","0.0","Pn125"
"3126.00","Livello di commutazione guadagno in modalità di controllo della coppia","0","Pn126"
"3127.00","Isteresi di commutazione guadagno in modalità di controllo della coppia","0","Pn127"
"3200.00","Selezione filtro adattativo","2 : Due abilitati. Frequenza limitata dopo l'adattamento.","Pn200"
"3201.00","Impostazione filtro a spillo 1","5000","Pn201"
"3202.00","Impostazione larghezza arresta banda 1","2 : 0,71","Pn202"
"3203.00","Impostazione profondità arresta banda 1","0","Pn203"
"3204.00","Impostazione filtro a spillo 2","5000","Pn204"
"3205.00","Impostazione larghezza arresta banda 2","2 : 0,71","Pn205"
"3206.00","Impostazione profondità arresta banda 2","0","Pn206"
"3207.00","Impostazione filtro a spillo 3","221","Pn207"
"3208.00","Impostazione larghezza arresta banda 3","2 : 0,71","Pn208"
"3209.00","Impostazione profondità arresta banda 3","0","Pn209"
"3210.00","Impostazione filtro a spillo 4","5000","Pn210"
"3211.00","Impostazione larghezza arresta banda 4","2 : 0,71","Pn211"
"3212.00","Impostazione profondità arresta banda 4","0","Pn212"
"3213.00","Selezione filtro di isolamento","0 : Filtro isolamento 1 o 2 abilitato","Pn213"
"3214.00","Frequenza di isolamento 1","0.0","Pn214"
"3215.00","Impostazione del filtro di isolamento 1","0.0","Pn215"
"3216.00","Frequenza di isolamento 2","0.0","Pn216"
"3217.00","Impostazione del filtro di isolamento 2","0.0","Pn217"
"3218.00","Frequenza di isolamento 3","0.0","Pn218"
"3219.00","Impostazione del filtro di isolamento 3","0.0","Pn219"
"3220.00","Frequenza di isolamento 4","0.0","Pn220"
"3221.00","Impostazione del filtro di isolamento 4","0.0","Pn221"
"3222.00","Costante di tempo del filtro del comando di posizione","0.0","Pn222"
"3312.00","Tempo di accelerazione avviamento graduale","0","Pn312"
"3313.00","Tempo di decelerazione avviamento graduale","0","Pn313"
"3314.00","Impostazione del tempo di accelerazione/decelerazione curva S","0","Pn314"
"3317.00","Selezione del limite di velocità","1 : Use the speed limit value via EtherCAT or the Speed Limit Value (3321 hex), whichever smaller","Pn317"
"3321.00","Impostazione valore limite di velocità","20000","Pn321"
"3323.00","Selezione tipo di impulsi di feedback esterno","0 : Tipo di uscita fase A/B","Pn323"
"3324.00","Selezione numeratore di divisione impulsi di feedback esterno","0","Pn324"
"3325.00","Denominatore di divisione impulsi di feedback esterno","10000","Pn325"
"3326.00","Commutazione direzione impulsi di feedback esterno","0 : Direzione del contatore di impulsi di feedback encoder esterno non invertita","Pn326"
"3327.00","Impostazione fase Z impulsi di feedback esterno","0 : Rilevamento disconnessione fase Z abilitato","Pn327"
"3328.00","Livello di overflow del contatore di errori di inseguimento ibrido","16000","Pn328"
"3329.00","Ripristino del contatore di errori di inseguimento ibrido","0","Pn329"
"3400.00","Selezione segnale di ingresso 1 - Controllo posizione/controllo chiusura completa","0 : Disabilitato (Disabilitato) - Contatto NO","Pn400.0"
"3400.00","Selezione segnale di ingresso 1 - Controllo della velocità","0 : Disabilitato (Disabilitato) - Contatto NO","Pn400.1"
"3400.00","Selezione segnale di ingresso 1 - Controllo della coppia","0 : Disabilitato (Disabilitato) - Contatto NO","Pn400.2"
"3401.00","Selezione segnale di ingresso 2 - Controllo posizione/controllo chiusura completa","0 : Disabilitato (Disabilitato) - Contatto NO","Pn401.0"
"3401.00","Selezione segnale di ingresso 2 - Controllo della velocità","0 : Disabilitato (Disabilitato) - Contatto NO","Pn401.1"
"3401.00","Selezione segnale di ingresso 2 - Controllo della coppia","0 : Disabilitato (Disabilitato) - Contatto NO","Pn401.2"
"3402.00","Selezione segnale di ingresso 3 - Controllo posizione/controllo chiusura completa","0 : Disabilitato (Disabilitato) - Contatto NO","Pn402.0"
"3402.00","Selezione segnale di ingresso 3 - Controllo della velocità","0 : Disabilitato (Disabilitato) - Contatto NO","Pn402.1"
"3402.00","Selezione segnale di ingresso 3 - Controllo della coppia","0 : Disabilitato (Disabilitato) - Contatto NO","Pn402.2"
"3403.00","Selezione segnale di ingresso 4 - Controllo posizione/controllo chiusura completa","22 : DEC (Ingresso prossimità punto iniziale) - Contatto NO","Pn403.0"
"3403.00","Selezione segnale di ingresso 4 - Controllo della velocità","22 : DEC (Ingresso prossimità punto iniziale) - Contatto NO","Pn403.1"
"3403.00","Selezione segnale di ingresso 4 - Controllo della coppia","22 : DEC (Ingresso prossimità punto iniziale) - Contatto NO","Pn403.2"
"3404.00","Selezione segnale di ingresso 5 - Controllo posizione/controllo chiusura completa","2B : EXT3 (Ingresso blocco esterno 3) - Contatto NO","Pn404.0"
"3404.00","Selezione segnale di ingresso 5 - Controllo della velocità","2B : EXT3 (Ingresso blocco esterno 3) - Contatto NO","Pn404.1"
"3404.00","Selezione segnale di ingresso 5 - Controllo della coppia","2B : EXT3 (Ingresso blocco esterno 3) - Contatto NO","Pn404.2"
"3405.00","Selezione segnale di ingresso 6 - Controllo posizione/controllo chiusura completa","21 : EXT2 (Ingresso blocco esterno 2) - Contatto NO","Pn405.0"
"3405.00","Selezione segnale di ingresso 6 - Controllo della velocità","21 : EXT2 (Ingresso blocco esterno 2) - Contatto NO","Pn405.1"
"3405.00","Selezione segnale di ingresso 6 - Controllo della coppia","21 : EXT2 (Ingresso blocco esterno 2) - Contatto NO","Pn405.2"
"3406.00","Selezione segnale di ingresso 7 - Controllo posizione/controllo chiusura completa","20 : EXT1 (Ingresso blocco esterno 1) - Contatto NO","Pn406.0"
"3406.00","Selezione segnale di ingresso 7 - Controllo della velocità","20 : EXT1 (Ingresso blocco esterno 1) - Contatto NO","Pn406.1"
"3406.00","Selezione segnale di ingresso 7 - Controllo della coppia","20 : EXT1 (Ingresso blocco esterno 1) - Contatto NO","Pn406.2"
"3407.00","Selezione segnale di ingresso 8 - Controllo posizione/controllo chiusura completa","2E : SI-MON0 (Ingresso monitoraggio per impieghi generici 0) - Contatto NO","Pn407.0"
"3407.00","Selezione segnale di ingresso 8 - Controllo della velocità","2E : SI-MON0 (Ingresso monitoraggio per impieghi generici 0) - Contatto NO","Pn407.1"
"3407.00","Selezione segnale di ingresso 8 - Controllo della coppia","2E : SI-MON0 (Ingresso monitoraggio per impieghi generici 0) - Contatto NO","Pn407.2"
"3410.00","Selezione segnale di uscita 1 - Controllo posizione/controllo chiusura completa","3 : BKIR (Uscita interlock freno) mappato su contatto NO","Pn410.0"
"3410.00","Selezione segnale di uscita 1 - Controllo della velocità","3 : BKIR (Uscita interlock freno) mappato su contatto NO","Pn410.1"
"3410.00","Selezione segnale di uscita 1 - Controllo della coppia","3 : BKIR (Uscita interlock freno) mappato su contatto NO","Pn410.2"
"3411.00","Selezione segnale di uscita 2 - Controllo posizione/controllo chiusura completa","2 : READY(Uscita servo azionamento pronto completato) mappato su contatto NO","Pn411.0"
"3411.00","Selezione segnale di uscita 2 - Controllo della velocità","2 : READY(Uscita servo azionamento pronto completato) mappato su contatto NO","Pn411.1"
"3411.00","Selezione segnale di uscita 2 - Controllo della coppia","2 : READY(Uscita servo azionamento pronto completato) mappato su contatto NO","Pn411.2"
"3416.00","Selezione monitoraggio analogico 1","0 : Velocità motore (r/min)","Pn416"
"3417.00","Impostazione scala monitoraggio analogico 1","0","Pn417"
"3418.00","Selezione monitoraggio analogico 2","4 : Comando di coppia (%)","Pn418"
"3419.00","Impostazione scala monitoraggio analogico 2","0","Pn419"
"3421.00","Impostazione uscita monitoraggio analogico","0 : Gamma di uscita: da -10 a 10 V, uscita dati: Positivo, negativo","Pn421"
"3432.00","Selezione condizione completamento posizionamento","0 : L'uscita del completamento del posizionamento si attiva","Pn432"
"3433.00","Tempo di mantenimento posizionamento completato","0","Pn433"
"3434.00","Rilevamento velocità zero","50","Pn434"
"3435.00","Ampiezza di rilevamento conformità velocità","50","Pn435"
"3436.00","Velocità di movimento per rilevamento movimento motore","1000","Pn436"
"3437.00","Temporizzazione frenatura all'arresto","0","Pn437"
"3438.00","Temporizzazione frenatura durante il funzionamento","0","Pn438"
"3439.00","Velocità soglia della frenatura durante il funzionamento","30","Pn439"
"3440.00","Selezione uscita avviso 1","0 : Vengono restituiti tutti i tipi di avviso","Pn440"
"3441.00","Selezione uscita avviso 2","0 : Vengono restituiti tutti i tipi di avviso","Pn441"
"3442.00","Completamento posizionamento campo 2","10","Pn442"
"3504.00","Selezione ingresso blocco drive","1 : Ingresso blocco drive avanti e indietro disabilitato","Pn504"
"3505.00","Selezione arresto immissione blocco drive","0 : La coppia nella direzione di blocco del drive è disabilitata e la frenatura dinamica è attivata.","Pn505"
"3508.00","Selezione errore di sottotensione","1 : Si verifica l'errore Err13.1 ""alimentatore principale sottotensione"" e uno scatto","Pn508"
"3509.00","Tempo di ritenzione temporanea","70","Pn509"
"3511.00","Impostazione di coppia arresto immediato","0.0","Pn511"
"3512.00","Impostazione del livello di rilevamento di sovraccarico","0","Pn512"
"3513.00","Impostazione del livello di rilevamento di sovravelocità","0","Pn513"
"3514.00","Impostazione limite di overrun","1.0","Pn514"
"3515.00","Impostazione lettura segnale di uscita di controllo","0 : 0.250ms","Pn515"
"3520.00","Selezione unità impostazione di posizione","0 : Unità di comando","Pn520"
"3521.00","Selezione limite coppia","6 : TL-SEL aperto: Marcia avanti: 0x3525, Marcia indietro: 0x3526; TL-SEL limitato: Marcia avanti: 0x60E0 or 0x3013, Marcia indietro 0x60E1 or 0x3522","Pn521"
"3602.00","Impostazione errore velocità eccessiva","0","Pn602"
"3605.00","Tempo effettivo guadagno 3","0.0","Pn605"
"3606.00","Impostazione rapporto guadagno 3","100","Pn606"
"3607.00","Offset valore comando di coppia","0","Pn607"
"3608.00","Offset coppia direzione in avanti","0","Pn608"
"3609.00","Offset coppia direzione indietro","0","Pn609"
"3610.00","Attivazione osservatore velocità","0 : Disabilitato","Pn610.0"
"3610.00","Attivazione osservatore disturbo","0 : Disabilitato","Pn610.1"
"3610.00","Impostazione osservatore disturbo","0 : Valido per Guadagno 1 e Guadagno 2","Pn610.2"
"3610.00","Riservato","0 : Riservato","Pn610.3"
"3610.00","Regolazione risposta loop corrente","0 : Disabilitato","Pn610.4"
"3610.00","Riservato","0 : Riservato","Pn610.5"
"3610.00","Compensazione comando in caso di errore di comunicazione in modalità CSP","1 : Abilitato","Pn610.6"
"3611.00","Impostazione risposta corrente elettrica","100","Pn611"
"3614.00","Impostazione temporale consentita per rilevamento errori","200","Pn614"
"3615.00","Impostazione livello di rilevamento di sovravelocità per arresto immediato","0","Pn615"
"3618.00","Tempo di inizializzazione alimentazione ON","0.0","Pn618"
"3623.00","Guadagno della compensazione coppia di disturbo","0","Pn623"
"3624.00","Impostazione filtro osservatore disturbo","0.53","Pn624"
"3631.00","Selezione velocità stimata autotuning in tempo reale","1 : Per variazioni delle caratteristiche del carico, la stima viene fatta sulla costante di tempo di cir","Pn631"
"3632.00","Stima inerzia carico","0 : Non stimato","Pn632.0-1"
"3632.00","Aggiornamento inerzia carico stimato","0 : Pn004 non aggiornato (impostato dall'utente)","Pn632.2-3"
"3632.00","Commutazione attivazione compensazione di coppia","0 : Parametri impostati dall'utente","Pn632.4-6"
"3632.00","Attivazione impostazione di rigidità","0 : I guadagni di base possono essere modificati dall'utente","Pn632.7"
"3632.00","Guadagni Feed-forward e blocco filtro rilevamento velocità","0 : L'utente può impostare liberamente i guadagni Feed-forward e il filtro rilevamento velocità","Pn632.8"
"3632.00","Blocco parametri commutazione guadagno","0 : La commutazione del guadagno può essere impostata liberamente","Pn632.9-10"
"3634.00","Guadagno soppressione vibrazioni ibride","0.0","Pn634"
"3635.00","Filtro soppressione vibrazioni ibride","0.10","Pn635"
"3637.00","Soglia di rilevamento vibrazioni","0.0","Pn637"
"3638.00","Impostazione maschera di avviso","4","Pn638"
"3700.00","Selezione display LED","0 : Stato normale","Pn700"
"3701.00","Impostazione durata visualizzazione indirizzo all'accensione","0","Pn701"
"3703.00","Impostazione uscita flag limite di coppia","1 : Il flag è ON se l'uscita del limite di coppia raggiunge il parametro di limite di coppia.","Pn703"
"3704.00","Selezione compensazione di cambio direzione","0 : Disabilitato","Pn704"
"3705.00","Compensazione backlash","0","Pn705"
"3706.00","Costante di tempo di compensazione di cambio direzione","0.00","Pn706"
"3525.00","Limite di coppia esterna in avanti","300.0","Pn730"
"3526.00","Limite di coppia esterna all'indietro","300.0","Pn731"
"605B.00","Codice opzione arresto","-1 : Funzionamento frenatura dinamica // Funzionamento frenatura dinamica","Pn735"
"605C.00","Disabilitare il codice opzione di funzionamento","-1 : Funzionamento frenatura dinamica // Funzionamento frenatura dinamica","Pn736"
"605D.00","Codice opzione arresto","1 : Arrestare dopo la decelerazione alla velocità specificata nel relativo profilo (6084h)","Pn737"
"605E.00","Codice opzione reazione errore","-1 : Funzionamento frenatura dinamica // Funzionamento frenatura dinamica","Pn738"
"6065.00","Finestra errore di inseguimento","40000","Pn739"
"6067.00","Finestra posizione","10","Pn740"
"607C.00","Offset approccio diretto","0","Pn742"
"607D.01","Limite posizione minima","-500000","Pn743"
"607D.02","Limite posizione massima","500000","Pn744"
"6083.00","Accelerazione profilo","1000000","Pn745"
"6084.00","Decelerazione profilo","1000000","Pn746"
"6091.01","Rivoluzioni motore","1","Pn748"
"6091.02","Rivoluzioni albero","1","Pn749"
"6098.00","Metodo approccio diretto","0 : Nessun metodo di approccio diretto assegnato","Pn750"
"6099.01","Velocità durante la ricerca di commutazione","5000","Pn751"
"6099.02","Velocità durante la ricerca di zero","5000","Pn752"
"3013.00","Limite coppia n. 1","300.0","Pn753"
"3522.00","Limite coppia n. 2","300.0","Pn754"
"3758.00","Selezione attivazione blocco 1","0 : EXT1","Pn758.0"
"3758.00","Selezione attivazione blocco 2","1 : EXT2","Pn758.1"
"3759.00","Selezione mantenimento avviso","0 : Non bloccare","Pn759"
"2200.00","Conteggio errori di comunicazione a trasmissione singola","1","Pn776"
"2201.00","Impostazione timeout sincronizzazione non ricevuta","0","Pn777"
"3781.00","Impostazione rilevamento avviso di impostazione dati","1 : 2 volte","Pn781"
"3800.00","Maschera di controllo di comunicazione - 1","0 : Errori Err83 mascherati: Nessuno","Pn800.0"
"3800.00","Maschera di controllo di avviso","0 : Avvisi mascherati: Nessuno","Pn800.1"
"3800.00","Riservato","0","Pn800.2"
"3800.00","Maschera di controllo di comunicazione - 2","4 : Errori mascherati: Err91.1","Pn800.3"
"3801.00","Limiti software","3 : Disabilitare entrambi i limiti software marcia avanti/indietro","Pn801"
"3803.00","Intervallo di origine","10","Pn803"
"3818.00","Costante di tempo del filtro FIR del comando di posizione","0.0","Pn818"
